"광고 이름",연령,성,도달,노출,빈도,통화,"지출 금액 (KRW)","CPC(링크 클릭당 비용)","페이지 참여","동영상 3초 이상 재생","링크 클릭","CTR(링크 클릭률)","동영상 3초 이상 재생당 비용","랜딩 페이지 조회","제품 맞춤 주문","콘텐츠 조회","웹사이트 등록 완료",조회,"동영상 25% 재생","동영상 50% 재생","동영상 75% 재생","동영상 95% 재생","동영상 100% 재생","웹사이트 구매","보고 시작","보고 종료"
,,,7404,9801,1.32374392,KRW,149488,508.46258503,1872,1537,294,2.99969391,97.25959662,274,34,229,35,9873,1342,690,393,283,269,6,2026-06-01,2026-06-21
01_edu_ad1,35-44,female,671,797,1.18777943,KRW,20137,649.58064516,221,187,31,3.88958595,107.68449198,29,4,10,8,,265,146,94,68,64,,2026-06-01,2026-06-21
02_memory_ad1,35-44,female,647,805,1.24420402,KRW,18315,654.10714286,246,215,28,3.47826087,85.18604651,26,4,8,4,,216,116,62,40,36,,2026-06-01,2026-06-21
02_memory_ad1,25-34,female,623,841,1.34991974,KRW,15963,694.04347826,187,158,23,2.73483948,101.03164557,22,3,17,6,,158,89,51,32,32,,2026-06-01,2026-06-21
03_100books_ad1,35-44,female,846,953,1.12647754,KRW,12908,268.91666667,151,98,48,5.03672613,131.71428571,47,1,26,3,,30,10,4,2,2,,2026-06-01,2026-06-21
03_100books_ad1,35-44,male,767,940,1.22555411,KRW,9772,325.73333333,94,63,30,3.19148936,155.11111111,29,,34,1,,18,5,2,2,2,,2026-06-01,2026-06-21
01_edu_ad1,25-34,female,344,423,1.22965116,KRW,9338,1167.25,74,63,8,1.89125296,148.22222222,6,1,1,,,103,41,22,18,17,,2026-06-01,2026-06-21
03_100books_ad1,25-34,female,719,847,1.17802503,KRW,9018,346.84615385,108,79,26,3.06965762,114.15189873,24,1,11,1,,30,10,8,3,3,,2026-06-01,2026-06-21
01_edu_ad1,35-44,male,310,354,1.14193548,KRW,6300,787.5,75,66,8,2.25988701,95.45454545,6,,,,,101,54,31,24,24,,2026-06-01,2026-06-21
03_100books_ad1,25-34,male,430,557,1.29534884,KRW,5450,454.16666667,47,35,12,2.15439856,155.71428571,12,4,20,2,,11,5,1,,,,2026-06-01,2026-06-21
02_memory_ad1,35-44,male,237,290,1.22362869,KRW,4817,802.83333333,73,65,6,2.06896552,74.10769231,6,,,,,66,35,19,15,14,,2026-06-01,2026-06-21
01_edu_ad1,25-34,male,191,244,1.27748691,KRW,4702,587.75,43,34,8,3.27868852,138.29411765,7,9,40,1,,36,16,7,6,5,6,2026-06-01,2026-06-21
01_edu_ad1,45-54,female,104,124,1.19230769,KRW,3701,462.625,54,44,8,6.4516129,84.11363636,8,1,11,2,,41,31,20,13,13,,2026-06-01,2026-06-21
02_memory_ad1,45-54,female,111,127,1.14414414,KRW,2599,433.16666667,57,51,6,4.72440945,50.96078431,6,3,6,4,,46,26,15,10,9,,2026-06-01,2026-06-21
03_100books_ad1,55-64,female,72,91,1.26388889,KRW,2048,409.6,28,20,5,5.49450549,102.4,5,,3,,,7,6,2,2,2,,2026-06-01,2026-06-21
02_memory_ad1,25-34,male,177,216,1.22033898,KRW,2035,339.16666667,43,37,6,2.77777778,55,4,,6,,,30,16,7,6,6,,2026-06-01,2026-06-21
03_100books_ad1,45-54,female,120,129,1.075,KRW,1887,269.57142857,37,30,7,5.42635659,62.9,7,3,12,3,,12,2,1,1,1,,2026-06-01,2026-06-21
03_100books_ad1,45-54,male,117,132,1.12820513,KRW,1777,355.4,25,20,5,3.78787879,88.85,5,,1,,,5,5,2,2,2,,2026-06-01,2026-06-21
03_100books_ad1,18-24,female,270,317,1.17407407,KRW,1705,568.33333333,21,18,3,0.94637224,94.72222222,2,,16,,,2,,,,,,2026-06-01,2026-06-21
02_memory_ad1,45-54,male,68,83,1.22058824,KRW,1659,414.75,25,19,4,4.81927711,87.31578947,4,,,,,17,10,7,7,6,,2026-06-01,2026-06-21
02_memory_ad1,55-64,male,74,87,1.17567568,KRW,1582,791,24,22,2,2.29885057,71.90909091,1,,,,,13,8,5,5,5,,2026-06-01,2026-06-21
01_edu_ad1,18-24,female,176,202,1.14772727,KRW,1542,771,18,15,2,0.99009901,102.8,2,,1,,,13,6,4,2,2,,2026-06-01,2026-06-21
01_edu_ad1,45-54,male,86,99,1.15116279,KRW,1526,763,34,32,2,2.02020202,47.6875,2,,,,,26,12,8,8,8,,2026-06-01,2026-06-21
02_memory_ad1,18-24,female,144,195,1.35416667,KRW,1505,,13,13,,,115.76923077,,,,,,17,5,3,2,2,,2026-06-01,2026-06-21
01_edu_ad1,65+,male,81,87,1.07407407,KRW,1188,1188,26,25,1,1.14942529,47.52,1,,,,,12,5,3,3,3,,2026-06-01,2026-06-21
03_100books_ad1,18-24,male,159,184,1.1572327,KRW,1168,1168,14,11,1,0.54347826,106.18181818,1,,,,,2,,,,,,2026-06-01,2026-06-21
01_edu_ad1,18-24,male,126,155,1.23015873,KRW,903,301,22,19,3,1.93548387,47.52631579,2,,,,,15,7,3,2,2,,2026-06-01,2026-06-21
02_memory_ad1,65+,male,59,62,1.05084746,KRW,826,206.5,27,23,4,6.4516129,35.91304348,3,,,,,13,8,3,2,2,,2026-06-01,2026-06-21
01_edu_ad1,55-64,male,79,80,1.01265823,KRW,783,783,18,17,1,1.25,46.05882353,1,,,,,8,3,2,2,2,,2026-06-01,2026-06-21
02_memory_ad1,55-64,female,39,44,1.12820513,KRW,742,247.33333333,21,16,3,6.81818182,46.375,2,,1,,,10,6,4,3,3,,2026-06-01,2026-06-21
01_edu_ad1,55-64,female,55,57,1.03636364,KRW,689,,13,13,,,53,,,,,,4,1,1,1,1,,2026-06-01,2026-06-21
02_memory_ad1,18-24,male,65,83,1.27692308,KRW,532,,5,5,,,106.4,,,,,,4,2,1,1,1,,2026-06-01,2026-06-21
03_100books_ad1,65+,male,20,25,1.25,KRW,462,462,5,4,1,4,115.5,1,,,,,1,,,,,,2026-06-01,2026-06-21
01_edu_ad1,65+,female,34,34,1,KRW,447,,6,6,,,74.5,,,,,,3,2,1,1,,,2026-06-01,2026-06-21
03_100books_ad1,55-64,male,32,36,1.125,KRW,360,,5,5,,,72,,,,,,3,1,,,,,2026-06-01,2026-06-21
03_100books_ad1,65+,female,23,24,1.04347826,KRW,353,353,4,2,1,4.16666667,176.5,1,,3,,,,,,,,,2026-06-01,2026-06-21
02_memory_ad1,65+,female,22,24,1.09090909,KRW,276,,3,3,,,92,,,,,,2,,,,,,2026-06-01,2026-06-21
02_memory_ad1,25-34,unknown,5,7,1.4,KRW,94,,1,1,,,94,,,,,,1,1,,,,,2026-06-01,2026-06-21
01_edu_ad1,25-34,unknown,7,8,1.14285714,KRW,84,,,,,,,,,,,,,,,,,,2026-06-01,2026-06-21
03_100books_ad1,25-34,unknown,9,10,1.11111111,KRW,84,84,2,1,1,10,84,1,,2,,,,,,,,,2026-06-01,2026-06-21
02_memory_ad1,35-44,unknown,4,4,1,KRW,60,,,,,,,,,,,,,,,,,,2026-06-01,2026-06-21
03_100books_ad1,35-44,unknown,5,5,1,KRW,53,,,,,,,,,,,,,,,,,,2026-06-01,2026-06-21
03_100books_ad1,18-24,unknown,5,7,1.4,KRW,28,,1,1,,,28,,,,,,,,,,,,2026-06-01,2026-06-21
01_edu_ad1,35-44,unknown,2,2,1,KRW,21,,,,,,,,,,,,,,,,,,2026-06-01,2026-06-21
01_edu_ad1,18-24,unknown,5,6,1.2,KRW,18,,1,1,,,18,,,,,,1,,,,,,2026-06-01,2026-06-21
01_edu_ad1,Unknown,male,1,1,1,KRW,12,,,,,,,,,,,,,,,,,,2026-06-01,2026-06-21
03_100books_ad1,45-54,unknown,1,1,1,KRW,10,,,,,,,,,,,,,,,,,,2026-06-01,2026-06-21
01_edu_ad1,Unknown,female,1,1,1,KRW,7,,,,,,,,,,,,,,,,,,2026-06-01,2026-06-21
02_memory_ad1,18-24,unknown,1,1,1,KRW,2,,,,,,,,,,,,,,,,,,2026-06-01,2026-06-21
03_100books_ad1,Unknown,unknown,0,0,0,KRW,0,,,,,,,1,,,,,,,,,,,2026-06-01,2026-06-21
